KEY,VALUE
PLACE,Franklin County
HEADER,Explore {PLACE}
TAB_TITLE,Explore {PLACE}
BAR_COLOR,#2c2d4e
CENTER_LAT,39.424041
CENTER_LNG,-85.012113
ZOOM,14
BOUNDS_WEST,-85.318386
BOUNDS_SOUTH,39.257335
BOUNDS_EAST,-84.790375
BOUNDS_NORTH,39.52861
MIN_ZOOM,
MAX_ZOOM,
FIT_TO_MARKERS,no
PASSPORT,no
PASSPORT_RANKS,no
YEAR_SLIDER,no
OVERLAY_SLIDER,no
EVENT_BUTTON,About
EVENT_TITLE,Latest Events
EVENT_TEXT,What's happening in Franklin County.
WELCOME_THEME,halloween
WELCOME_TEXT,Welcome to|{PLACE}